{
  "pipeline_info": {
    "generated_on": "2025-10-28T09:14:24.211831",
    "base_dir": "/home/mlyang721/bio_data",
    "lm_model": "/home/mlyang721/bio_data/models/base_sft/checkpoint-step-10000",
    "layers_processed": [
      0,
      1,
      2,
      3,
      4,
      5,
      6,
      7,
      8,
      9,
      10,
      11
    ],
    "training_params": {
      "n_free": 10000,
      "epochs_stage1": 20,
      "epochs_stage2": 400,
      "lambda_ortho": "1e-2"
    }
  },
  "layer_results": {
    "0": {
      "train_slot_acc": 0.23216666666666666,
      "test_ood_slot_acc": 0.16541666666666666,
      "diagonal_acc": 0.23766666666619132,
      "swap_success": 0.08,
      "reconstruction_mse": 6.533152738605471e-05
    },
    "1": {
      "train_slot_acc": 0.7940833333333334,
      "test_ood_slot_acc": 0.41883333333333334,
      "diagonal_acc": 0.7499999999985002,
      "swap_success": 0.24,
      "reconstruction_mse": 0.0002883446221858321
    },
    "2": {
      "train_slot_acc": 0.9130833333333334,
      "test_ood_slot_acc": 0.64975,
      "diagonal_acc": 0.9056666666648553,
      "swap_success": 0.36,
      "reconstruction_mse": 0.00443728277841971
    },
    "3": {
      "train_slot_acc": 0.9353333333333333,
      "test_ood_slot_acc": 0.7506666666666667,
      "diagonal_acc": 0.9413333333314506,
      "swap_success": 0.48,
      "reconstruction_mse": 0.020801934681056688
    },
    "4": {
      "train_slot_acc": 0.9810833333333333,
      "test_ood_slot_acc": 0.8385833333333333,
      "diagonal_acc": 0.972999999998054,
      "swap_success": 0.56,
      "reconstruction_mse": 0.0849376505476733
    },
    "5": {
      "train_slot_acc": 0.9999166666666667,
      "test_ood_slot_acc": 0.88725,
      "diagonal_acc": 0.9999999999979999,
      "swap_success": 0.8,
      "reconstruction_mse": 0.22300323227606714
    },
    "6": {
      "train_slot_acc": 1.0,
      "test_ood_slot_acc": 0.9121666666666667,
      "diagonal_acc": 0.9999999999979999,
      "swap_success": 1.0,
      "reconstruction_mse": 0.0741607044931346
    },
    "7": {
      "train_slot_acc": 0.9998333333333334,
      "test_ood_slot_acc": 0.8765833333333334,
      "diagonal_acc": 0.9996666666646674,
      "swap_success": 0.84,
      "reconstruction_mse": 0.24539102218470846
    },
    "8": {
      "train_slot_acc": 0.9989166666666667,
      "test_ood_slot_acc": 0.9019166666666667,
      "diagonal_acc": 0.9986666666646693,
      "swap_success": 0.96,
      "reconstruction_mse": 0.07703132632320436
    },
    "9": {
      "train_slot_acc": 0.9995,
      "test_ood_slot_acc": 0.8969166666666667,
      "diagonal_acc": 0.998999999998002,
      "swap_success": 0.92,
      "reconstruction_mse": 0.9210999843366444
    },
    "10": {
      "train_slot_acc": 0.9940833333333333,
      "test_ood_slot_acc": 0.8645,
      "diagonal_acc": 0.9973333333313387,
      "swap_success": 1.0,
      "reconstruction_mse": 2.790390333071351
    },
    "11": {
      "train_slot_acc": 0.99425,
      "test_ood_slot_acc": 0.9075833333333333,
      "diagonal_acc": 0.99499999999801,
      "swap_success": 1.0,
      "reconstruction_mse": 5.866709378699461
    }
  }
}