{
  "train": {
    "slot_binding_acc": 1.0,
    "slot_top3_acc": 0.00016666666666666666,
    "slot_top5_acc": 0.00016666666666666666,
    "avg_margin": 0.897291376379629,
    "answer_acc": 0.9935,
    "per_rule": {
      "birth_date": {
        "slot_binding_acc": 1.0,
        "slot_top3_acc": 1.0,
        "slot_top5_acc": 1.0,
        "answer_acc": 0.9895,
        "avg_margin": 0.799265757292509,
        "count": 2000.0
      },
      "birth_city": {
        "slot_binding_acc": 1.0,
        "slot_top3_acc": 1.0,
        "slot_top5_acc": 1.0,
        "answer_acc": 0.984,
        "avg_margin": 0.9355447186529636,
        "count": 2000.0
      },
      "university": {
        "slot_binding_acc": 1.0,
        "slot_top3_acc": 1.0,
        "slot_top5_acc": 1.0,
        "answer_acc": 0.9955,
        "avg_margin": 0.9579283197671175,
        "count": 2000.0
      },
      "major": {
        "slot_binding_acc": 1.0,
        "slot_top3_acc": 1.0,
        "slot_top5_acc": 1.0,
        "answer_acc": 0.9965,
        "avg_margin": 0.9894460604637861,
        "count": 2000.0
      },
      "employer": {
        "slot_binding_acc": 1.0,
        "slot_top3_acc": 1.0,
        "slot_top5_acc": 1.0,
        "answer_acc": 0.999,
        "avg_margin": 1.025554408788681,
        "count": 2000.0
      },
      "work_city": {
        "slot_binding_acc": 1.0,
        "slot_top3_acc": 1.0,
        "slot_top5_acc": 1.0,
        "answer_acc": 0.9965,
        "avg_margin": 0.6760089933127165,
        "count": 2000.0
      }
    }
  },
  "test_ood": {
    "slot_binding_acc": 0.9121666666666667,
    "slot_top3_acc": 0.00016666666666666666,
    "slot_top5_acc": 0.00016666666666666666,
    "avg_margin": 0.6683165945783257,
    "answer_acc": 0.9061666666666667,
    "per_rule": {
      "birth_date": {
        "slot_binding_acc": 0.9975,
        "slot_top3_acc": 1.0,
        "slot_top5_acc": 1.0,
        "answer_acc": 0.979,
        "avg_margin": 0.5257202599644661,
        "count": 2000.0
      },
      "birth_city": {
        "slot_binding_acc": 1.0,
        "slot_top3_acc": 1.0,
        "slot_top5_acc": 1.0,
        "answer_acc": 0.973,
        "avg_margin": 0.7637600052505732,
        "count": 2000.0
      },
      "university": {
        "slot_binding_acc": 1.0,
        "slot_top3_acc": 1.0,
        "slot_top5_acc": 1.0,
        "answer_acc": 0.993,
        "avg_margin": 0.7423825305700302,
        "count": 2000.0
      },
      "major": {
        "slot_binding_acc": 1.0,
        "slot_top3_acc": 1.0,
        "slot_top5_acc": 1.0,
        "answer_acc": 0.9975,
        "avg_margin": 0.8968673117160797,
        "count": 2000.0
      },
      "employer": {
        "slot_binding_acc": 0.9755,
        "slot_top3_acc": 0.9995,
        "slot_top5_acc": 1.0,
        "answer_acc": 0.995,
        "avg_margin": 0.5699081074148417,
        "count": 2000.0
      },
      "work_city": {
        "slot_binding_acc": 0.5,
        "slot_top3_acc": 0.5525,
        "slot_top5_acc": 0.999,
        "answer_acc": 0.4995,
        "avg_margin": 0.5112613525539637,
        "count": 2000.0
      }
    }
  },
  "diagonal_accuracy": 0.9999999999979999,
  "confusion_matrix": [
    [
      0.999999999998,
      0.0,
      0.0,
      0.0,
      0.0,
      0.0
    ],
    [
      0.0,
      0.999999999998,
      0.0,
      0.0,
      0.0,
      0.0
    ],
    [
      0.0,
      0.0,
      0.999999999998,
      0.0,
      0.0,
      0.0
    ],
    [
      0.0,
      0.0,
      0.0,
      0.999999999998,
      0.0,
      0.0
    ],
    [
      0.0,
      0.0,
      0.0,
      0.0,
      0.999999999998,
      0.0
    ],
    [
      0.0,
      0.0,
      0.0,
      0.0,
      0.0,
      0.999999999998
    ]
  ],
  "reconstruction_mse": 0.0741607044931346,
  "causal_edits": {
    "0": {
      "ko_avg_delta": 1.0837156593530113,
      "ki_avg_delta": -1.8413527288939104,
      "ko_avg_odds": 737.7624297637069,
      "ki_avg_odds": 1183793.5847057016
    },
    "1": {
      "ko_avg_delta": 1.3869646034360603,
      "ki_avg_delta": -1.111103533523066,
      "ko_avg_odds": 35023.91110686604,
      "ki_avg_odds": 554.1866722616494
    },
    "2": {
      "ko_avg_delta": 1.3575932081364244,
      "ki_avg_delta": -1.4223954148657794,
      "ko_avg_odds": 33628.73747080431,
      "ki_avg_odds": 32.37400040747796
    },
    "3": {
      "ko_avg_delta": 1.3626117367372081,
      "ki_avg_delta": -0.7488139126557223,
      "ko_avg_odds": 34278.79766302756,
      "ki_avg_odds": 533.7461791062779
    },
    "4": {
      "ko_avg_delta": 1.3980068748931804,
      "ki_avg_delta": -1.9364272221379253,
      "ko_avg_odds": 36484.225120937976,
      "ki_avg_odds": 20.56381945730504
    },
    "5": {
      "ko_avg_delta": 1.3946001877229788,
      "ki_avg_delta": -2.4507122032707596,
      "ko_avg_odds": 34425.908126187496,
      "ki_avg_odds": 361.21490015546
    }
  },
  "swap_controllability": {
    "best_alpha": 10.0,
    "best_success_rate": 1.0,
    "alpha_comparison": {
      "1.0": 0.0,
      "10.0": 1.0,
      "100.0": 0.48,
      "1000.0": 0.48
    },
    "best_results": {
      "overall_success_rate": 1.0,
      "total_swaps_tested": 25,
      "per_rule_success": {
        "birth_date_to_birth_city": 1.0,
        "birth_date_to_university": 1.0,
        "birth_date_to_major": 1.0,
        "birth_date_to_employer": 1.0,
        "birth_date_to_work_city": 1.0,
        "birth_city_to_birth_date": 1.0,
        "birth_city_to_university": 1.0,
        "birth_city_to_major": 1.0,
        "birth_city_to_employer": 1.0,
        "birth_city_to_work_city": 1.0,
        "university_to_birth_date": 1.0,
        "university_to_birth_city": 1.0,
        "university_to_major": 1.0,
        "university_to_employer": 1.0,
        "university_to_work_city": 1.0
      }
    }
  }
}