{
  "train": {
    "slot_binding_acc": 0.9353333333333333,
    "slot_top3_acc": 0.00016666666666666666,
    "slot_top5_acc": 0.00016666666666666666,
    "avg_margin": 0.5339341724216938,
    "answer_acc": 0.9935,
    "per_rule": {
      "birth_date": {
        "slot_binding_acc": 0.8515,
        "slot_top3_acc": 1.0,
        "slot_top5_acc": 1.0,
        "answer_acc": 0.9895,
        "avg_margin": 0.3097355207502842,
        "count": 2000.0
      },
      "birth_city": {
        "slot_binding_acc": 0.768,
        "slot_top3_acc": 0.99,
        "slot_top5_acc": 0.9995,
        "answer_acc": 0.984,
        "avg_margin": 0.2903317064419389,
        "count": 2000.0
      },
      "university": {
        "slot_binding_acc": 0.997,
        "slot_top3_acc": 1.0,
        "slot_top5_acc": 1.0,
        "answer_acc": 0.9955,
        "avg_margin": 0.5501079261526466,
        "count": 2000.0
      },
      "major": {
        "slot_binding_acc": 0.9985,
        "slot_top3_acc": 1.0,
        "slot_top5_acc": 1.0,
        "answer_acc": 0.9965,
        "avg_margin": 0.5421740949302912,
        "count": 2000.0
      },
      "employer": {
        "slot_binding_acc": 1.0,
        "slot_top3_acc": 1.0,
        "slot_top5_acc": 1.0,
        "answer_acc": 0.999,
        "avg_margin": 0.9366822124719619,
        "count": 2000.0
      },
      "work_city": {
        "slot_binding_acc": 0.997,
        "slot_top3_acc": 1.0,
        "slot_top5_acc": 1.0,
        "answer_acc": 0.9965,
        "avg_margin": 0.5745735737830401,
        "count": 2000.0
      }
    }
  },
  "test_ood": {
    "slot_binding_acc": 0.7506666666666667,
    "slot_top3_acc": 0.00016666666666666666,
    "slot_top5_acc": 0.00016666666666666666,
    "avg_margin": 0.43988616596534846,
    "answer_acc": 0.9061666666666667,
    "per_rule": {
      "birth_date": {
        "slot_binding_acc": 0.7745,
        "slot_top3_acc": 0.9985,
        "slot_top5_acc": 1.0,
        "answer_acc": 0.979,
        "avg_margin": 0.24720785250514746,
        "count": 2000.0
      },
      "birth_city": {
        "slot_binding_acc": 0.758,
        "slot_top3_acc": 0.969,
        "slot_top5_acc": 1.0,
        "answer_acc": 0.973,
        "avg_margin": 0.2697579501569271,
        "count": 2000.0
      },
      "university": {
        "slot_binding_acc": 0.517,
        "slot_top3_acc": 0.752,
        "slot_top5_acc": 0.996,
        "answer_acc": 0.993,
        "avg_margin": 0.37729005913436414,
        "count": 2000.0
      },
      "major": {
        "slot_binding_acc": 0.9735,
        "slot_top3_acc": 1.0,
        "slot_top5_acc": 1.0,
        "answer_acc": 0.9975,
        "avg_margin": 0.36629102054983376,
        "count": 2000.0
      },
      "employer": {
        "slot_binding_acc": 1.0,
        "slot_top3_acc": 1.0,
        "slot_top5_acc": 1.0,
        "answer_acc": 0.995,
        "avg_margin": 0.8506928359121084,
        "count": 2000.0
      },
      "work_city": {
        "slot_binding_acc": 0.481,
        "slot_top3_acc": 0.501,
        "slot_top5_acc": 0.609,
        "answer_acc": 0.4995,
        "avg_margin": 0.52807727753371,
        "count": 2000.0
      }
    }
  },
  "diagonal_accuracy": 0.9413333333314506,
  "confusion_matrix": [
    [
      0.85999999999828,
      0.16999999999966,
      0.0,
      0.0,
      0.0,
      0.0
    ],
    [
      0.12999999999974,
      0.793999999998412,
      0.001999999999996,
      0.0,
      0.0,
      0.0
    ],
    [
      0.0,
      0.001999999999996,
      0.995999999998008,
      0.0,
      0.0,
      0.0
    ],
    [
      0.001999999999996,
      0.0,
      0.0,
      0.997999999998004,
      0.0,
      0.0
    ],
    [
      0.007999999999984,
      0.031999999999936,
      0.001999999999996,
      0.001999999999996,
      0.999999999998,
      0.0
    ],
    [
      0.0,
      0.001999999999996,
      0.0,
      0.0,
      0.0,
      0.999999999998
    ]
  ],
  "reconstruction_mse": 0.020801934681056688,
  "causal_edits": {
    "0": {
      "ko_avg_delta": 0.24945689623503087,
      "ki_avg_delta": 0.3383301783606612,
      "ko_avg_odds": 1.4555097592914632,
      "ki_avg_odds": 1.8827125530866182
    },
    "1": {
      "ko_avg_delta": 0.24862184243069288,
      "ki_avg_delta": 0.49980222909665484,
      "ko_avg_odds": 1.4526497376985086,
      "ki_avg_odds": 2.2994061004289676
    },
    "2": {
      "ko_avg_delta": 0.2546638169412007,
      "ki_avg_delta": 0.4982280418724299,
      "ko_avg_odds": 1.4637204857880324,
      "ki_avg_odds": 2.960554373816899
    },
    "3": {
      "ko_avg_delta": 0.2562966416732446,
      "ki_avg_delta": 0.08942368030585653,
      "ko_avg_odds": 1.4681961540039994,
      "ki_avg_odds": 1.2816447055363474
    },
    "4": {
      "ko_avg_delta": 0.2573589129469272,
      "ki_avg_delta": 0.2267845562405542,
      "ko_avg_odds": 1.4687163455211363,
      "ki_avg_odds": 1.578961407731338
    },
    "5": {
      "ko_avg_delta": 0.25427008234356635,
      "ki_avg_delta": 0.05302630884028356,
      "ko_avg_odds": 1.4637203377170873,
      "ki_avg_odds": 1.5798639878348417
    }
  },
  "swap_controllability": {
    "best_alpha": 100.0,
    "best_success_rate": 0.48,
    "alpha_comparison": {
      "1.0": 0.0,
      "10.0": 0.0,
      "100.0": 0.48,
      "1000.0": 0.0
    },
    "best_results": {
      "overall_success_rate": 0.48,
      "total_swaps_tested": 25,
      "per_rule_success": {
        "birth_date_to_birth_city": 1.0,
        "birth_date_to_university": 1.0,
        "birth_date_to_major": 0.0,
        "birth_date_to_employer": 1.0,
        "birth_date_to_work_city": 0.0,
        "birth_city_to_birth_date": 0.0,
        "birth_city_to_university": 1.0,
        "birth_city_to_major": 0.0,
        "birth_city_to_employer": 1.0,
        "birth_city_to_work_city": 0.0,
        "university_to_birth_date": 0.0,
        "university_to_birth_city": 1.0,
        "university_to_major": 0.0,
        "university_to_employer": 1.0,
        "university_to_work_city": 0.0
      }
    }
  }
}