{
  "train": {
    "slot_binding_acc": 0.9810833333333333,
    "slot_top3_acc": 0.00016666666666666666,
    "slot_top5_acc": 0.00016666666666666666,
    "avg_margin": 0.6925091395589212,
    "answer_acc": 0.9935,
    "per_rule": {
      "birth_date": {
        "slot_binding_acc": 0.921,
        "slot_top3_acc": 0.997,
        "slot_top5_acc": 0.9995,
        "answer_acc": 0.9895,
        "avg_margin": 0.5120373195186257,
        "count": 2000.0
      },
      "birth_city": {
        "slot_binding_acc": 0.971,
        "slot_top3_acc": 0.999,
        "slot_top5_acc": 1.0,
        "answer_acc": 0.984,
        "avg_margin": 0.6441891146078705,
        "count": 2000.0
      },
      "university": {
        "slot_binding_acc": 0.9975,
        "slot_top3_acc": 1.0,
        "slot_top5_acc": 1.0,
        "answer_acc": 0.9955,
        "avg_margin": 0.6151773049011826,
        "count": 2000.0
      },
      "major": {
        "slot_binding_acc": 0.9995,
        "slot_top3_acc": 1.0,
        "slot_top5_acc": 1.0,
        "answer_acc": 0.9965,
        "avg_margin": 0.7710982261300087,
        "count": 2000.0
      },
      "employer": {
        "slot_binding_acc": 0.9975,
        "slot_top3_acc": 1.0,
        "slot_top5_acc": 1.0,
        "answer_acc": 0.999,
        "avg_margin": 0.7555024183839559,
        "count": 2000.0
      },
      "work_city": {
        "slot_binding_acc": 1.0,
        "slot_top3_acc": 1.0,
        "slot_top5_acc": 1.0,
        "answer_acc": 0.9965,
        "avg_margin": 0.8570504538118839,
        "count": 2000.0
      }
    }
  },
  "test_ood": {
    "slot_binding_acc": 0.8385833333333333,
    "slot_top3_acc": 0.00016666666666666666,
    "slot_top5_acc": 0.00016666666666666666,
    "avg_margin": 0.5313549200529233,
    "answer_acc": 0.9061666666666667,
    "per_rule": {
      "birth_date": {
        "slot_binding_acc": 0.9385,
        "slot_top3_acc": 0.9975,
        "slot_top5_acc": 0.9995,
        "answer_acc": 0.979,
        "avg_margin": 0.5038662829548121,
        "count": 2000.0
      },
      "birth_city": {
        "slot_binding_acc": 0.8825,
        "slot_top3_acc": 0.9675,
        "slot_top5_acc": 0.9955,
        "answer_acc": 0.973,
        "avg_margin": 0.42007723863236607,
        "count": 2000.0
      },
      "university": {
        "slot_binding_acc": 0.721,
        "slot_top3_acc": 0.924,
        "slot_top5_acc": 0.9965,
        "answer_acc": 0.993,
        "avg_margin": 0.4094322039335966,
        "count": 2000.0
      },
      "major": {
        "slot_binding_acc": 1.0,
        "slot_top3_acc": 1.0,
        "slot_top5_acc": 1.0,
        "answer_acc": 0.9975,
        "avg_margin": 0.6604530122131109,
        "count": 2000.0
      },
      "employer": {
        "slot_binding_acc": 0.9895,
        "slot_top3_acc": 1.0,
        "slot_top5_acc": 1.0,
        "answer_acc": 0.995,
        "avg_margin": 0.588704351939261,
        "count": 2000.0
      },
      "work_city": {
        "slot_binding_acc": 0.5,
        "slot_top3_acc": 0.5895,
        "slot_top5_acc": 0.935,
        "answer_acc": 0.4995,
        "avg_margin": 0.605596430644393,
        "count": 2000.0
      }
    }
  },
  "diagonal_accuracy": 0.972999999998054,
  "confusion_matrix": [
    [
      0.881999999998236,
      0.033999999999932,
      0.0,
      0.0,
      0.0,
      0.0
    ],
    [
      0.111999999999776,
      0.9619999999980761,
      0.005999999999988,
      0.0,
      0.0,
      0.0
    ],
    [
      0.0,
      0.0,
      0.993999999998012,
      0.0,
      0.0,
      0.0
    ],
    [
      0.0,
      0.0,
      0.0,
      0.999999999998,
      0.0,
      0.0
    ],
    [
      0.001999999999996,
      0.001999999999996,
      0.0,
      0.0,
      0.999999999998,
      0.0
    ],
    [
      0.003999999999992,
      0.001999999999996,
      0.0,
      0.0,
      0.0,
      0.999999999998
    ]
  ],
  "reconstruction_mse": 0.0849376505476733,
  "causal_edits": {
    "0": {
      "ko_avg_delta": 0.1935143279641717,
      "ki_avg_delta": -0.6479168064694616,
      "ko_avg_odds": 1.627486010630978,
      "ki_avg_odds": 10.014842217986624
    },
    "1": {
      "ko_avg_delta": 0.19045418409349607,
      "ki_avg_delta": 0.2515864200603044,
      "ko_avg_odds": 1.6208121700535136,
      "ki_avg_odds": 11.063627247481596
    },
    "2": {
      "ko_avg_delta": 0.18579075945003426,
      "ki_avg_delta": 0.1941112572827022,
      "ko_avg_odds": 1.6039580036907755,
      "ki_avg_odds": 31.87945611443865
    },
    "3": {
      "ko_avg_delta": 0.18077230184909016,
      "ki_avg_delta": -0.5081801799509892,
      "ko_avg_odds": 1.6366417014430952,
      "ki_avg_odds": 22.30268164549657
    },
    "4": {
      "ko_avg_delta": 0.20837478769294895,
      "ki_avg_delta": -1.4435379491231022,
      "ko_avg_odds": 1.649902873602611,
      "ki_avg_odds": 4.872424671550208
    },
    "5": {
      "ko_avg_delta": 0.23396803861033807,
      "ki_avg_delta": -3.113283832981498,
      "ko_avg_odds": 1.6745368807671068,
      "ki_avg_odds": 3190.6930444492486
    }
  },
  "swap_controllability": {
    "best_alpha": 10.0,
    "best_success_rate": 0.56,
    "alpha_comparison": {
      "1.0": 0.0,
      "10.0": 0.56,
      "100.0": 0.16,
      "1000.0": 0.16
    },
    "best_results": {
      "overall_success_rate": 0.56,
      "total_swaps_tested": 25,
      "per_rule_success": {
        "birth_date_to_birth_city": 0.0,
        "birth_date_to_university": 1.0,
        "birth_date_to_major": 1.0,
        "birth_date_to_employer": 1.0,
        "birth_date_to_work_city": 1.0,
        "birth_city_to_birth_date": 0.0,
        "birth_city_to_university": 0.0,
        "birth_city_to_major": 0.0,
        "birth_city_to_employer": 1.0,
        "birth_city_to_work_city": 1.0,
        "university_to_birth_date": 0.0,
        "university_to_birth_city": 0.0,
        "university_to_major": 0.0,
        "university_to_employer": 1.0,
        "university_to_work_city": 1.0
      }
    }
  }
}