{
  "train": {
    "slot_binding_acc": 0.9995,
    "slot_top3_acc": 0.00016666666666666666,
    "slot_top5_acc": 0.00016666666666666666,
    "avg_margin": 1.030762141103546,
    "answer_acc": 0.9935,
    "per_rule": {
      "birth_date": {
        "slot_binding_acc": 0.999,
        "slot_top3_acc": 1.0,
        "slot_top5_acc": 1.0,
        "answer_acc": 0.9895,
        "avg_margin": 0.9695786644220352,
        "count": 2000.0
      },
      "birth_city": {
        "slot_binding_acc": 0.999,
        "slot_top3_acc": 1.0,
        "slot_top5_acc": 1.0,
        "answer_acc": 0.984,
        "avg_margin": 1.303285630658269,
        "count": 2000.0
      },
      "university": {
        "slot_binding_acc": 0.9995,
        "slot_top3_acc": 1.0,
        "slot_top5_acc": 1.0,
        "answer_acc": 0.9955,
        "avg_margin": 1.0869513845443726,
        "count": 2000.0
      },
      "major": {
        "slot_binding_acc": 0.9995,
        "slot_top3_acc": 1.0,
        "slot_top5_acc": 1.0,
        "answer_acc": 0.9965,
        "avg_margin": 0.9251740771383047,
        "count": 2000.0
      },
      "employer": {
        "slot_binding_acc": 1.0,
        "slot_top3_acc": 1.0,
        "slot_top5_acc": 1.0,
        "answer_acc": 0.999,
        "avg_margin": 0.9067615809440612,
        "count": 2000.0
      },
      "work_city": {
        "slot_binding_acc": 1.0,
        "slot_top3_acc": 1.0,
        "slot_top5_acc": 1.0,
        "answer_acc": 0.9965,
        "avg_margin": 0.9928215089142323,
        "count": 2000.0
      }
    }
  },
  "test_ood": {
    "slot_binding_acc": 0.8969166666666667,
    "slot_top3_acc": 0.00016666666666666666,
    "slot_top5_acc": 0.00016666666666666666,
    "avg_margin": 0.8651471547670663,
    "answer_acc": 0.9061666666666667,
    "per_rule": {
      "birth_date": {
        "slot_binding_acc": 0.996,
        "slot_top3_acc": 1.0,
        "slot_top5_acc": 1.0,
        "answer_acc": 0.979,
        "avg_margin": 0.924077351950109,
        "count": 2000.0
      },
      "birth_city": {
        "slot_binding_acc": 0.9925,
        "slot_top3_acc": 1.0,
        "slot_top5_acc": 1.0,
        "answer_acc": 0.973,
        "avg_margin": 1.025502786681056,
        "count": 2000.0
      },
      "university": {
        "slot_binding_acc": 1.0,
        "slot_top3_acc": 1.0,
        "slot_top5_acc": 1.0,
        "answer_acc": 0.993,
        "avg_margin": 1.0067172451019286,
        "count": 2000.0
      },
      "major": {
        "slot_binding_acc": 0.9935,
        "slot_top3_acc": 1.0,
        "slot_top5_acc": 1.0,
        "answer_acc": 0.9975,
        "avg_margin": 0.7745977008268237,
        "count": 2000.0
      },
      "employer": {
        "slot_binding_acc": 0.888,
        "slot_top3_acc": 0.9975,
        "slot_top5_acc": 1.0,
        "answer_acc": 0.995,
        "avg_margin": 0.6776554536297917,
        "count": 2000.0
      },
      "work_city": {
        "slot_binding_acc": 0.5115,
        "slot_top3_acc": 0.8285,
        "slot_top5_acc": 0.9875,
        "answer_acc": 0.4995,
        "avg_margin": 0.7823323904126882,
        "count": 2000.0
      }
    }
  },
  "diagonal_accuracy": 0.998999999998002,
  "confusion_matrix": [
    [
      0.997999999998004,
      0.0,
      0.0,
      0.0,
      0.0,
      0.0
    ],
    [
      0.0,
      0.997999999998004,
      0.0,
      0.0,
      0.0,
      0.0
    ],
    [
      0.0,
      0.0,
      0.997999999998004,
      0.0,
      0.0,
      0.0
    ],
    [
      0.0,
      0.001999999999996,
      0.0,
      0.999999999998,
      0.0,
      0.0
    ],
    [
      0.001999999999996,
      0.0,
      0.001999999999996,
      0.0,
      0.999999999998,
      0.0
    ],
    [
      0.0,
      0.0,
      0.0,
      0.0,
      0.0,
      0.999999999998
    ]
  ],
  "reconstruction_mse": 0.9210999843366444,
  "causal_edits": {
    "0": {
      "ko_avg_delta": 2.0014898415811473,
      "ki_avg_delta": -0.927693082096947,
      "ko_avg_odds": 1066853.714344981,
      "ki_avg_odds": 18081539.8853247
    },
    "1": {
      "ko_avg_delta": 2.095275000989977,
      "ki_avg_delta": -1.5316169446016243,
      "ko_avg_odds": 4402988.81280935,
      "ki_avg_odds": 6021.115721025263
    },
    "2": {
      "ko_avg_delta": 2.1217380429251134,
      "ki_avg_delta": -1.5946178940075262,
      "ko_avg_odds": 4256175.074610709,
      "ki_avg_odds": 43.02718816856125
    },
    "3": {
      "ko_avg_delta": 2.1048597918440604,
      "ki_avg_delta": 0.26371172590892905,
      "ko_avg_odds": 4107935.5819295524,
      "ki_avg_odds": 153.1742723259007
    },
    "4": {
      "ko_avg_delta": 2.1305441237199396,
      "ki_avg_delta": 0.012714254832343678,
      "ko_avg_odds": 4234637.463258477,
      "ki_avg_odds": 52.70992926089442
    },
    "5": {
      "ko_avg_delta": 2.143469100730747,
      "ki_avg_delta": -1.114928209487479,
      "ko_avg_odds": 4209055.154527879,
      "ki_avg_odds": 349.31134352932617
    }
  },
  "swap_controllability": {
    "best_alpha": 10.0,
    "best_success_rate": 0.92,
    "alpha_comparison": {
      "1.0": 0.08,
      "10.0": 0.92,
      "100.0": 0.28,
      "1000.0": 0.28
    },
    "best_results": {
      "overall_success_rate": 0.92,
      "total_swaps_tested": 25,
      "per_rule_success": {
        "birth_date_to_birth_city": 0.0,
        "birth_date_to_university": 1.0,
        "birth_date_to_major": 1.0,
        "birth_date_to_employer": 1.0,
        "birth_date_to_work_city": 1.0,
        "birth_city_to_birth_date": 1.0,
        "birth_city_to_university": 1.0,
        "birth_city_to_major": 1.0,
        "birth_city_to_employer": 1.0,
        "birth_city_to_work_city": 1.0,
        "university_to_birth_date": 1.0,
        "university_to_birth_city": 1.0,
        "university_to_major": 1.0,
        "university_to_employer": 1.0,
        "university_to_work_city": 1.0
      }
    }
  }
}