{
  "train": {
    "slot_binding_acc": 0.99425,
    "slot_top3_acc": 0.00016666666666666666,
    "slot_top5_acc": 0.00016666666666666666,
    "avg_margin": 1.1415973927614589,
    "answer_acc": 0.9935,
    "per_rule": {
      "birth_date": {
        "slot_binding_acc": 0.9935,
        "slot_top3_acc": 1.0,
        "slot_top5_acc": 1.0,
        "answer_acc": 0.9895,
        "avg_margin": 1.0973542581275106,
        "count": 2000.0
      },
      "birth_city": {
        "slot_binding_acc": 0.99,
        "slot_top3_acc": 0.999,
        "slot_top5_acc": 1.0,
        "answer_acc": 0.984,
        "avg_margin": 1.0750333386585116,
        "count": 2000.0
      },
      "university": {
        "slot_binding_acc": 1.0,
        "slot_top3_acc": 1.0,
        "slot_top5_acc": 1.0,
        "answer_acc": 0.9955,
        "avg_margin": 1.3042068679332732,
        "count": 2000.0
      },
      "major": {
        "slot_binding_acc": 0.998,
        "slot_top3_acc": 1.0,
        "slot_top5_acc": 1.0,
        "answer_acc": 0.9965,
        "avg_margin": 1.2816847023963929,
        "count": 2000.0
      },
      "employer": {
        "slot_binding_acc": 0.9925,
        "slot_top3_acc": 1.0,
        "slot_top5_acc": 1.0,
        "answer_acc": 0.999,
        "avg_margin": 1.1365712336674332,
        "count": 2000.0
      },
      "work_city": {
        "slot_binding_acc": 0.9915,
        "slot_top3_acc": 0.999,
        "slot_top5_acc": 1.0,
        "answer_acc": 0.9965,
        "avg_margin": 0.9547339557856321,
        "count": 2000.0
      }
    }
  },
  "test_ood": {
    "slot_binding_acc": 0.9075833333333333,
    "slot_top3_acc": 0.00016666666666666666,
    "slot_top5_acc": 0.00016666666666666666,
    "avg_margin": 1.0392338330056519,
    "answer_acc": 0.9061666666666667,
    "per_rule": {
      "birth_date": {
        "slot_binding_acc": 0.9835,
        "slot_top3_acc": 1.0,
        "slot_top5_acc": 1.0,
        "answer_acc": 0.979,
        "avg_margin": 1.0076373582854867,
        "count": 2000.0
      },
      "birth_city": {
        "slot_binding_acc": 0.986,
        "slot_top3_acc": 0.9985,
        "slot_top5_acc": 1.0,
        "answer_acc": 0.973,
        "avg_margin": 1.0020261503234507,
        "count": 2000.0
      },
      "university": {
        "slot_binding_acc": 0.9995,
        "slot_top3_acc": 1.0,
        "slot_top5_acc": 1.0,
        "answer_acc": 0.993,
        "avg_margin": 1.328920512959361,
        "count": 2000.0
      },
      "major": {
        "slot_binding_acc": 0.9935,
        "slot_top3_acc": 1.0,
        "slot_top5_acc": 1.0,
        "answer_acc": 0.9975,
        "avg_margin": 1.0643616414815187,
        "count": 2000.0
      },
      "employer": {
        "slot_binding_acc": 0.9875,
        "slot_top3_acc": 0.999,
        "slot_top5_acc": 1.0,
        "answer_acc": 0.995,
        "avg_margin": 1.0211173240914941,
        "count": 2000.0
      },
      "work_city": {
        "slot_binding_acc": 0.4955,
        "slot_top3_acc": 0.5985,
        "slot_top5_acc": 0.893,
        "answer_acc": 0.4995,
        "avg_margin": 0.8113400108925998,
        "count": 2000.0
      }
    }
  },
  "diagonal_accuracy": 0.99499999999801,
  "confusion_matrix": [
    [
      0.991999999998016,
      0.0,
      0.0,
      0.0,
      0.0,
      0.003999999999992
    ],
    [
      0.0,
      0.995999999998008,
      0.0,
      0.0,
      0.001999999999996,
      0.0
    ],
    [
      0.001999999999996,
      0.0,
      0.999999999998,
      0.0,
      0.0,
      0.001999999999996
    ],
    [
      0.0,
      0.001999999999996,
      0.0,
      0.999999999998,
      0.003999999999992,
      0.001999999999996
    ],
    [
      0.001999999999996,
      0.0,
      0.0,
      0.0,
      0.991999999998016,
      0.001999999999996
    ],
    [
      0.003999999999992,
      0.001999999999996,
      0.0,
      0.0,
      0.001999999999996,
      0.98999999999802
    ]
  ],
  "reconstruction_mse": 5.866709378699461,
  "causal_edits": {
    "0": {
      "ko_avg_delta": 1.918300032120421,
      "ki_avg_delta": -2.255836803905663,
      "ko_avg_odds": 24318.63205154074,
      "ki_avg_odds": 2021035.8513129873
    },
    "1": {
      "ko_avg_delta": 2.233420686124712,
      "ki_avg_delta": -0.865253171559436,
      "ko_avg_odds": 779596.7998572639,
      "ki_avg_odds": 9307.843058405158
    },
    "2": {
      "ko_avg_delta": 2.2885783623204916,
      "ki_avg_delta": -3.7265129617879396,
      "ko_avg_odds": 747575.2342874246,
      "ki_avg_odds": 6827.267488975725
    },
    "3": {
      "ko_avg_delta": 2.146128781509473,
      "ki_avg_delta": -1.3038906569200708,
      "ko_avg_odds": 698137.9559361283,
      "ki_avg_odds": 32111.91366416435
    },
    "4": {
      "ko_avg_delta": 2.2814043419730106,
      "ki_avg_delta": -1.819530985576825,
      "ko_avg_odds": 759234.4833952255,
      "ki_avg_odds": 9.069939839242508
    },
    "5": {
      "ko_avg_delta": 2.2673145619105046,
      "ki_avg_delta": -0.7503643526247596,
      "ko_avg_odds": 811096.3192386795,
      "ki_avg_odds": 154.65359533856747
    }
  },
  "swap_controllability": {
    "best_alpha": 10.0,
    "best_success_rate": 1.0,
    "alpha_comparison": {
      "1.0": 0.16,
      "10.0": 1.0,
      "100.0": 0.28,
      "1000.0": 0.28
    },
    "best_results": {
      "overall_success_rate": 1.0,
      "total_swaps_tested": 25,
      "per_rule_success": {
        "birth_date_to_birth_city": 1.0,
        "birth_date_to_university": 1.0,
        "birth_date_to_major": 1.0,
        "birth_date_to_employer": 1.0,
        "birth_date_to_work_city": 1.0,
        "birth_city_to_birth_date": 1.0,
        "birth_city_to_university": 1.0,
        "birth_city_to_major": 1.0,
        "birth_city_to_employer": 1.0,
        "birth_city_to_work_city": 1.0,
        "university_to_birth_date": 1.0,
        "university_to_birth_city": 1.0,
        "university_to_major": 1.0,
        "university_to_employer": 1.0,
        "university_to_work_city": 1.0
      }
    }
  }
}