{
  "train": {
    "slot_binding_acc": 0.9130833333333334,
    "slot_top3_acc": 0.00016666666666666666,
    "slot_top5_acc": 0.00016666666666666666,
    "avg_margin": 0.46495451070057847,
    "answer_acc": 0.9935,
    "per_rule": {
      "birth_date": {
        "slot_binding_acc": 0.935,
        "slot_top3_acc": 0.9995,
        "slot_top5_acc": 1.0,
        "answer_acc": 0.9895,
        "avg_margin": 0.4157740754596889,
        "count": 2000.0
      },
      "birth_city": {
        "slot_binding_acc": 0.681,
        "slot_top3_acc": 0.9515,
        "slot_top5_acc": 0.993,
        "answer_acc": 0.984,
        "avg_margin": 0.23611906852014364,
        "count": 2000.0
      },
      "university": {
        "slot_binding_acc": 0.9625,
        "slot_top3_acc": 0.9955,
        "slot_top5_acc": 0.999,
        "answer_acc": 0.9955,
        "avg_margin": 0.4978632023707032,
        "count": 2000.0
      },
      "major": {
        "slot_binding_acc": 0.9685,
        "slot_top3_acc": 0.9975,
        "slot_top5_acc": 1.0,
        "answer_acc": 0.9965,
        "avg_margin": 0.5159575816709548,
        "count": 2000.0
      },
      "employer": {
        "slot_binding_acc": 0.976,
        "slot_top3_acc": 0.9985,
        "slot_top5_acc": 1.0,
        "answer_acc": 0.999,
        "avg_margin": 0.6144597289711237,
        "count": 2000.0
      },
      "work_city": {
        "slot_binding_acc": 0.9555,
        "slot_top3_acc": 1.0,
        "slot_top5_acc": 1.0,
        "answer_acc": 0.9965,
        "avg_margin": 0.5095534072108566,
        "count": 2000.0
      }
    }
  },
  "test_ood": {
    "slot_binding_acc": 0.64975,
    "slot_top3_acc": 0.00016666666666666666,
    "slot_top5_acc": 0.00016666666666666666,
    "avg_margin": 0.31762050348830717,
    "answer_acc": 0.9061666666666667,
    "per_rule": {
      "birth_date": {
        "slot_binding_acc": 0.488,
        "slot_top3_acc": 0.8705,
        "slot_top5_acc": 0.991,
        "answer_acc": 0.979,
        "avg_margin": 0.24308947396278383,
        "count": 2000.0
      },
      "birth_city": {
        "slot_binding_acc": 0.702,
        "slot_top3_acc": 0.9815,
        "slot_top5_acc": 0.999,
        "answer_acc": 0.973,
        "avg_margin": 0.257507242590189,
        "count": 2000.0
      },
      "university": {
        "slot_binding_acc": 0.6775,
        "slot_top3_acc": 0.957,
        "slot_top5_acc": 0.996,
        "answer_acc": 0.993,
        "avg_margin": 0.4169902943074703,
        "count": 2000.0
      },
      "major": {
        "slot_binding_acc": 0.765,
        "slot_top3_acc": 0.9935,
        "slot_top5_acc": 1.0,
        "answer_acc": 0.9975,
        "avg_margin": 0.2918691747710109,
        "count": 2000.0
      },
      "employer": {
        "slot_binding_acc": 0.8455,
        "slot_top3_acc": 0.975,
        "slot_top5_acc": 0.998,
        "answer_acc": 0.995,
        "avg_margin": 0.49343265607953074,
        "count": 2000.0
      },
      "work_city": {
        "slot_binding_acc": 0.4205,
        "slot_top3_acc": 0.8465,
        "slot_top5_acc": 0.9985,
        "answer_acc": 0.4995,
        "avg_margin": 0.2028341792188585,
        "count": 2000.0
      }
    }
  },
  "diagonal_accuracy": 0.9056666666648553,
  "confusion_matrix": [
    [
      0.913999999998172,
      0.177999999999644,
      0.001999999999996,
      0.003999999999992,
      0.0,
      0.0
    ],
    [
      0.045999999999908,
      0.685999999998628,
      0.001999999999996,
      0.001999999999996,
      0.003999999999992,
      0.005999999999988
    ],
    [
      0.005999999999988,
      0.015999999999968,
      0.953999999998092,
      0.005999999999988,
      0.005999999999988,
      0.003999999999992
    ],
    [
      0.013999999999972,
      0.025999999999948002,
      0.0,
      0.9619999999980761,
      0.00999999999998,
      0.00999999999998
    ],
    [
      0.01999999999996,
      0.077999999999844,
      0.035999999999928,
      0.017999999999964,
      0.9659999999980681,
      0.027999999999944
    ],
    [
      0.0,
      0.015999999999968,
      0.005999999999988,
      0.007999999999984,
      0.013999999999972,
      0.951999999998096
    ]
  ],
  "reconstruction_mse": 0.00443728277841971,
  "causal_edits": {
    "0": {
      "ko_avg_delta": 0.12450899828296336,
      "ki_avg_delta": 0.0875440940622275,
      "ko_avg_odds": 1.2230573561517892,
      "ki_avg_odds": 1.4388867804728558
    },
    "1": {
      "ko_avg_delta": 0.1303014196200277,
      "ki_avg_delta": 0.17453144612912358,
      "ko_avg_odds": 1.2294059892424984,
      "ki_avg_odds": 1.7304512513489843
    },
    "2": {
      "ko_avg_delta": 0.13018700941044037,
      "ki_avg_delta": 0.44691408587403275,
      "ko_avg_odds": 1.2290452088278803,
      "ki_avg_odds": 1.9502217199999916
    },
    "3": {
      "ko_avg_delta": 0.13106047235611568,
      "ki_avg_delta": -0.010394668754567831,
      "ko_avg_odds": 1.2312157003785933,
      "ki_avg_odds": 1.1781909477712833
    },
    "4": {
      "ko_avg_delta": 0.13202301515692258,
      "ki_avg_delta": 0.15346718665263526,
      "ko_avg_odds": 1.2313911607659476,
      "ki_avg_odds": 1.685937536589047
    },
    "5": {
      "ko_avg_delta": 0.13147645699803273,
      "ki_avg_delta": 0.04979585208044918,
      "ko_avg_odds": 1.2313502897241209,
      "ki_avg_odds": 1.19614259943368
    }
  },
  "swap_controllability": {
    "best_alpha": 100.0,
    "best_success_rate": 0.36,
    "alpha_comparison": {
      "1.0": 0.0,
      "10.0": 0.0,
      "100.0": 0.36,
      "1000.0": 0.28
    },
    "best_results": {
      "overall_success_rate": 0.36,
      "total_swaps_tested": 25,
      "per_rule_success": {
        "birth_date_to_birth_city": 0.0,
        "birth_date_to_university": 1.0,
        "birth_date_to_major": 0.0,
        "birth_date_to_employer": 0.0,
        "birth_date_to_work_city": 1.0,
        "birth_city_to_birth_date": 0.0,
        "birth_city_to_university": 1.0,
        "birth_city_to_major": 0.0,
        "birth_city_to_employer": 0.0,
        "birth_city_to_work_city": 1.0,
        "university_to_birth_date": 0.0,
        "university_to_birth_city": 0.0,
        "university_to_major": 0.0,
        "university_to_employer": 0.0,
        "university_to_work_city": 1.0
      }
    }
  }
}