{
  "layer": 3,
  "sae_test_id": {
    "answer_acc": 0.377,
    "total": 3000,
    "per_rule": {
      "birth_date": {
        "answer_acc": 0.06,
        "count": 500.0
      },
      "birth_city": {
        "answer_acc": 0.938,
        "count": 500.0
      },
      "university": {
        "answer_acc": 0.224,
        "count": 500.0
      },
      "major": {
        "answer_acc": 0.376,
        "count": 500.0
      },
      "employer": {
        "answer_acc": 0.196,
        "count": 500.0
      },
      "work_city": {
        "answer_acc": 0.468,
        "count": 500.0
      }
    }
  },
  "sae_test_ood": {
    "answer_acc": 0.21191666666666667,
    "total": 12000,
    "per_rule": {
      "birth_date": {
        "answer_acc": 0.0075,
        "count": 2000.0
      },
      "birth_city": {
        "answer_acc": 0.6565,
        "count": 2000.0
      },
      "university": {
        "answer_acc": 0.1625,
        "count": 2000.0
      },
      "major": {
        "answer_acc": 0.3305,
        "count": 2000.0
      },
      "employer": {
        "answer_acc": 0.0235,
        "count": 2000.0
      },
      "work_city": {
        "answer_acc": 0.091,
        "count": 2000.0
      }
    }
  },
  "reconstruction_mse": 0.005628033415414393,
  "diagonal_acc": 0.18879064589995623,
  "avg_purity": 0.26333333333333336,
  "best_matching": {
    "birth_city": {
      "feature_idx": 7988,
      "selectivity": 0.172953018578294
    },
    "birth_date": {
      "feature_idx": 2907,
      "selectivity": 0.1837177272361725
    },
    "major": {
      "feature_idx": 6477,
      "selectivity": 0.18177252444089684
    },
    "work_city": {
      "feature_idx": 2919,
      "selectivity": 0.17595813136677194
    },
    "employer": {
      "feature_idx": 3717,
      "selectivity": 0.21930994873416432
    },
    "university": {
      "feature_idx": 1042,
      "selectivity": 0.19903252504343785
    }
  },
  "purity_per_relation": {
    "birth_date": 0.24,
    "birth_city": 0.404,
    "university": 0.044,
    "major": 0.172,
    "employer": 0.718,
    "work_city": 0.002
  }
}