{
  "layer_stats": {
    "0": {
      "rms": 0.11391926914453507,
      "std": 0.11399326592683792,
      "mean": -0.00016593362047387928,
      "max": 1.4748536503314973,
      "min": -0.4290069580078125
    },
    "1": {
      "rms": 0.1441498540341854,
      "std": 0.1442392310500145,
      "mean": -0.001087893310468644,
      "max": 1.8458009707927703,
      "min": -0.5473200064897538
    },
    "2": {
      "rms": 0.1672899304330349,
      "std": 0.16739072695374488,
      "mean": -0.001607197483535856,
      "max": 1.8760485398769378,
      "min": -0.6127616763114929
    },
    "3": {
      "rms": 0.1878509810566902,
      "std": 0.18795735493302346,
      "mean": -0.0024160072894301265,
      "max": 1.6255287432670593,
      "min": -0.6981668221950531
    },
    "4": {
      "rms": 0.20964959979057313,
      "std": 0.20970480769872665,
      "mean": -0.005807457924820483,
      "max": 1.3295080292224883,
      "min": -0.6860773575305938
    },
    "5": {
      "rms": 0.2550772595405579,
      "std": 0.2552399314939976,
      "mean": -0.0006989238602363912,
      "max": 1.2525795245170592,
      "min": -0.7400881403684616
    },
    "6": {
      "rms": 0.3060962572693825,
      "std": 0.30629381150007245,
      "mean": 5.2465672506514235e-05,
      "max": 1.2703993117809296,
      "min": -0.915624030828476
    },
    "7": {
      "rms": 0.35735152393579483,
      "std": 0.357580007314682,
      "mean": -0.0008828117407998092,
      "max": 1.2576573050022126,
      "min": -1.1277594250440597
    },
    "8": {
      "rms": 0.39655524730682373,
      "std": 0.3968086403608322,
      "mean": 0.0009381628442247347,
      "max": 1.3706782960891724,
      "min": -1.2524456459283828
    },
    "9": {
      "rms": 0.44255557358264924,
      "std": 0.44283251106739047,
      "mean": -0.0016084277087611554,
      "max": 1.4540696775913238,
      "min": -1.3920847487449646
    },
    "10": {
      "rms": 0.4864306640625,
      "std": 0.4867316073179245,
      "mean": -0.001978824842117319,
      "max": 1.6683322620391845,
      "min": -1.6132677149772645
    },
    "11": {
      "rms": 1.3258223593235017,
      "std": 1.326653115749359,
      "mean": 0.003155287339759525,
      "max": 8.63331464767456,
      "min": -7.882269353866577
    }
  },
  "layer_mse_details": {
    "0": {
      "raw_mse": 0.0035555595997720955,
      "var_h": 0.012994839800521732,
      "norm_mse": 0.27361319218643565,
      "r_squared": 0.7263868078135644
    },
    "1": {
      "raw_mse": 0.005212361640296877,
      "var_h": 0.020811414904892446,
      "norm_mse": 0.25045686053145433,
      "r_squared": 0.7495431394685457
    },
    "2": {
      "raw_mse": 0.008760076574981212,
      "var_h": 0.02803386338055134,
      "norm_mse": 0.3124819599805344,
      "r_squared": 0.6875180400194656
    },
    "3": {
      "raw_mse": 0.005628033415414393,
      "var_h": 0.035358750578016046,
      "norm_mse": 0.15916946508040833,
      "r_squared": 0.8408305349195917
    },
    "4": {
      "raw_mse": 0.00725493639241904,
      "var_h": 0.04404715292155743,
      "norm_mse": 0.16470840704140835,
      "r_squared": 0.8352915929585917
    },
    "5": {
      "raw_mse": 0.010766954524442554,
      "var_h": 0.06523456647992135,
      "norm_mse": 0.16504983638937085,
      "r_squared": 0.8349501636106291
    },
    "6": {
      "raw_mse": 0.012977824676781893,
      "var_h": 0.09420344680547714,
      "norm_mse": 0.13776379863870694,
      "r_squared": 0.8622362013612931
    },
    "7": {
      "raw_mse": 0.01290845020674169,
      "var_h": 0.12838163897395133,
      "norm_mse": 0.10054747945195511,
      "r_squared": 0.8994525205480449
    },
    "8": {
      "raw_mse": 0.012629095520824194,
      "var_h": 0.1579407887160778,
      "norm_mse": 0.07996095007178217,
      "r_squared": 0.9200390499282178
    },
    "9": {
      "raw_mse": 0.014690260896459221,
      "var_h": 0.19664165869355202,
      "norm_mse": 0.0747057413676145,
      "r_squared": 0.9252942586323855
    },
    "10": {
      "raw_mse": 0.019753529028967022,
      "var_h": 0.23772347912192346,
      "norm_mse": 0.08309456475199846,
      "r_squared": 0.9169054352480015
    },
    "11": {
      "raw_mse": 2.1529934100061654,
      "var_h": 1.7640408515930175,
      "norm_mse": 1.2204895414195789,
      "r_squared": -0.22048954141957888
    }
  }
}