{
  "train": {
    "slot_binding_acc": 0.23216666666666666,
    "slot_top3_acc": 0.00016666666666666666,
    "slot_top5_acc": 0.00016666666666666666,
    "avg_margin": 0.08977126222848893,
    "answer_acc": 0.9935,
    "per_rule": {
      "birth_date": {
        "slot_binding_acc": 0.001,
        "slot_top3_acc": 0.636,
        "slot_top5_acc": 1.0,
        "answer_acc": 0.9895,
        "avg_margin": 0.0861860366910696,
        "count": 2000.0
      },
      "birth_city": {
        "slot_binding_acc": 0.0,
        "slot_top3_acc": 0.6335,
        "slot_top5_acc": 0.736,
        "answer_acc": 0.984,
        "avg_margin": 0.0861860366910696,
        "count": 2000.0
      },
      "university": {
        "slot_binding_acc": 0.4675,
        "slot_top3_acc": 0.4685,
        "slot_top5_acc": 0.8325,
        "answer_acc": 0.9955,
        "avg_margin": 0.10487014228850602,
        "count": 2000.0
      },
      "major": {
        "slot_binding_acc": 0.5315,
        "slot_top3_acc": 0.5315,
        "slot_top5_acc": 1.0,
        "answer_acc": 0.9965,
        "avg_margin": 0.07825760770589113,
        "count": 2000.0
      },
      "employer": {
        "slot_binding_acc": 0.393,
        "slot_top3_acc": 0.728,
        "slot_top5_acc": 0.728,
        "answer_acc": 0.999,
        "avg_margin": 0.09694171330332756,
        "count": 2000.0
      },
      "work_city": {
        "slot_binding_acc": 0.0,
        "slot_top3_acc": 0.534,
        "slot_top5_acc": 1.0,
        "answer_acc": 0.9965,
        "avg_margin": 0.0861860366910696,
        "count": 2000.0
      }
    }
  },
  "test_ood": {
    "slot_binding_acc": 0.16541666666666666,
    "slot_top3_acc": 0.00016666666666666666,
    "slot_top5_acc": 0.00016666666666666666,
    "avg_margin": 0.13062111756329736,
    "answer_acc": 0.9061666666666667,
    "per_rule": {
      "birth_date": {
        "slot_binding_acc": 0.0975,
        "slot_top3_acc": 1.0,
        "slot_top5_acc": 1.0,
        "answer_acc": 0.979,
        "avg_margin": 0.16798208127170802,
        "count": 2000.0
      },
      "birth_city": {
        "slot_binding_acc": 0.0,
        "slot_top3_acc": 0.6385,
        "slot_top5_acc": 0.8325,
        "answer_acc": 0.973,
        "avg_margin": 0.16798208127170802,
        "count": 2000.0
      },
      "university": {
        "slot_binding_acc": 0.631,
        "slot_top3_acc": 0.636,
        "slot_top5_acc": 0.8325,
        "answer_acc": 0.993,
        "avg_margin": 0.12042475294321775,
        "count": 2000.0
      },
      "major": {
        "slot_binding_acc": 0.0,
        "slot_top3_acc": 0.0,
        "slot_top5_acc": 1.0,
        "answer_acc": 0.9975,
        "avg_margin": 0.12835318192839623,
        "count": 2000.0
      },
      "employer": {
        "slot_binding_acc": 0.264,
        "slot_top3_acc": 0.4605,
        "slot_top5_acc": 0.4605,
        "answer_acc": 0.995,
        "avg_margin": 0.0861860366910696,
        "count": 2000.0
      },
      "work_city": {
        "slot_binding_acc": 0.0,
        "slot_top3_acc": 0.53,
        "slot_top5_acc": 1.0,
        "answer_acc": 0.4995,
        "avg_margin": 0.1127985712736845,
        "count": 2000.0
      }
    }
  },
  "diagonal_accuracy": 0.23766666666619132,
  "confusion_matrix": [
    [
      0.0,
      0.0,
      0.003999999999992,
      0.0,
      0.0,
      0.003999999999992
    ],
    [
      0.0,
      0.0,
      0.0,
      0.0,
      0.0,
      0.0
    ],
    [
      0.083999999999832,
      0.083999999999832,
      0.68999999999862,
      0.263999999999472,
      0.263999999999472,
      0.68999999999862
    ],
    [
      0.735999999998528,
      0.735999999998528,
      0.0,
      0.305999999999388,
      0.305999999999388,
      0.0
    ],
    [
      0.17999999999964,
      0.17999999999964,
      0.305999999999388,
      0.42999999999914,
      0.42999999999914,
      0.305999999999388
    ],
    [
      0.0,
      0.0,
      0.0,
      0.0,
      0.0,
      0.0
    ]
  ],
  "reconstruction_mse": 6.533152738605471e-05,
  "causal_edits": {
    "0": {
      "ko_avg_delta": -0.07913324975967724,
      "ki_avg_delta": 0.2758017962296658,
      "ko_avg_odds": 0.9348946853047253,
      "ki_avg_odds": 17167484.537934583
    },
    "1": {
      "ko_avg_delta": -0.09337541623585122,
      "ki_avg_delta": 0.2949416449884797,
      "ko_avg_odds": 0.9241737763856993,
      "ki_avg_odds": 1.3909976251801175
    },
    "2": {
      "ko_avg_delta": -0.09486888991623099,
      "ki_avg_delta": 0.1541507928112932,
      "ko_avg_odds": 0.9237445847094984,
      "ki_avg_odds": 1.2730438323727102
    },
    "3": {
      "ko_avg_delta": -0.10640274918919825,
      "ki_avg_delta": 0.4669568438779769,
      "ko_avg_odds": 0.9143313914149181,
      "ki_avg_odds": 1.7274498473219615
    },
    "4": {
      "ko_avg_delta": -0.07806303533431982,
      "ki_avg_delta": -0.35204997397686766,
      "ko_avg_odds": 0.934754035127937,
      "ki_avg_odds": 257409.0892817294
    },
    "5": {
      "ko_avg_delta": -0.06853393014296837,
      "ki_avg_delta": -2.193422865938082,
      "ko_avg_odds": 0.9427533544888433,
      "ki_avg_odds": 8113.021540138879
    }
  },
  "swap_controllability": {
    "best_alpha": 100.0,
    "best_success_rate": 0.08,
    "alpha_comparison": {
      "1.0": 0.0,
      "10.0": 0.0,
      "100.0": 0.08,
      "1000.0": 0.0
    },
    "best_results": {
      "overall_success_rate": 0.08,
      "total_swaps_tested": 25,
      "per_rule_success": {
        "birth_date_to_birth_city": 0.0,
        "birth_date_to_university": 0.0,
        "birth_date_to_major": 0.0,
        "birth_date_to_employer": 0.0,
        "birth_date_to_work_city": 0.5,
        "birth_city_to_birth_date": 0.0,
        "birth_city_to_university": 0.0,
        "birth_city_to_major": 0.0,
        "birth_city_to_employer": 0.0,
        "birth_city_to_work_city": 0.0,
        "university_to_birth_date": 0.0,
        "university_to_birth_city": 0.0,
        "university_to_major": 0.0,
        "university_to_employer": 0.0,
        "university_to_work_city": 1.0
      }
    }
  }
}