{
  "train": {
    "slot_binding_acc": 0.9999166666666667,
    "slot_top3_acc": 0.00016666666666666666,
    "slot_top5_acc": 0.00016666666666666666,
    "avg_margin": 0.7641115543060004,
    "answer_acc": 0.9935,
    "per_rule": {
      "birth_date": {
        "slot_binding_acc": 0.9995,
        "slot_top3_acc": 1.0,
        "slot_top5_acc": 1.0,
        "answer_acc": 0.9895,
        "avg_margin": 0.6377190795764327,
        "count": 2000.0
      },
      "birth_city": {
        "slot_binding_acc": 1.0,
        "slot_top3_acc": 1.0,
        "slot_top5_acc": 1.0,
        "answer_acc": 0.984,
        "avg_margin": 0.7457737068980932,
        "count": 2000.0
      },
      "university": {
        "slot_binding_acc": 1.0,
        "slot_top3_acc": 1.0,
        "slot_top5_acc": 1.0,
        "answer_acc": 0.9955,
        "avg_margin": 0.7351467360109091,
        "count": 2000.0
      },
      "major": {
        "slot_binding_acc": 1.0,
        "slot_top3_acc": 1.0,
        "slot_top5_acc": 1.0,
        "answer_acc": 0.9965,
        "avg_margin": 0.8551124585568904,
        "count": 2000.0
      },
      "employer": {
        "slot_binding_acc": 1.0,
        "slot_top3_acc": 1.0,
        "slot_top5_acc": 1.0,
        "answer_acc": 0.999,
        "avg_margin": 0.7314017177820206,
        "count": 2000.0
      },
      "work_city": {
        "slot_binding_acc": 1.0,
        "slot_top3_acc": 1.0,
        "slot_top5_acc": 1.0,
        "answer_acc": 0.9965,
        "avg_margin": 0.8795156270116568,
        "count": 2000.0
      }
    }
  },
  "test_ood": {
    "slot_binding_acc": 0.88725,
    "slot_top3_acc": 0.00016666666666666666,
    "slot_top5_acc": 0.00016666666666666666,
    "avg_margin": 0.5216455882104735,
    "answer_acc": 0.9061666666666667,
    "per_rule": {
      "birth_date": {
        "slot_binding_acc": 0.998,
        "slot_top3_acc": 1.0,
        "slot_top5_acc": 1.0,
        "answer_acc": 0.979,
        "avg_margin": 0.5188589274957776,
        "count": 2000.0
      },
      "birth_city": {
        "slot_binding_acc": 0.9555,
        "slot_top3_acc": 0.999,
        "slot_top5_acc": 1.0,
        "answer_acc": 0.973,
        "avg_margin": 0.43981600151211026,
        "count": 2000.0
      },
      "university": {
        "slot_binding_acc": 0.9755,
        "slot_top3_acc": 1.0,
        "slot_top5_acc": 1.0,
        "answer_acc": 0.993,
        "avg_margin": 0.5001527177989483,
        "count": 2000.0
      },
      "major": {
        "slot_binding_acc": 1.0,
        "slot_top3_acc": 1.0,
        "slot_top5_acc": 1.0,
        "answer_acc": 0.9975,
        "avg_margin": 0.6567037913054228,
        "count": 2000.0
      },
      "employer": {
        "slot_binding_acc": 0.8945,
        "slot_top3_acc": 0.9965,
        "slot_top5_acc": 1.0,
        "answer_acc": 0.995,
        "avg_margin": 0.4607053250223398,
        "count": 2000.0
      },
      "work_city": {
        "slot_binding_acc": 0.5,
        "slot_top3_acc": 0.527,
        "slot_top5_acc": 0.787,
        "answer_acc": 0.4995,
        "avg_margin": 0.553636766128242,
        "count": 2000.0
      }
    }
  },
  "diagonal_accuracy": 0.9999999999979999,
  "confusion_matrix": [
    [
      0.999999999998,
      0.0,
      0.0,
      0.0,
      0.0,
      0.0
    ],
    [
      0.0,
      0.999999999998,
      0.0,
      0.0,
      0.0,
      0.0
    ],
    [
      0.0,
      0.0,
      0.999999999998,
      0.0,
      0.0,
      0.0
    ],
    [
      0.0,
      0.0,
      0.0,
      0.999999999998,
      0.0,
      0.0
    ],
    [
      0.0,
      0.0,
      0.0,
      0.0,
      0.999999999998,
      0.0
    ],
    [
      0.0,
      0.0,
      0.0,
      0.0,
      0.0,
      0.999999999998
    ]
  ],
  "reconstruction_mse": 0.22300323227606714,
  "causal_edits": {
    "0": {
      "ko_avg_delta": 0.3110924715987738,
      "ki_avg_delta": 0.45474960523706115,
      "ko_avg_odds": 1.96673463014793,
      "ki_avg_odds": 6.780340395980494
    },
    "1": {
      "ko_avg_delta": 0.31952984197092854,
      "ki_avg_delta": 0.5197751537644337,
      "ko_avg_odds": 2.020008612033,
      "ki_avg_odds": 3.351402957160144
    },
    "2": {
      "ko_avg_delta": 0.31439442164864134,
      "ki_avg_delta": 0.5978739148277794,
      "ko_avg_odds": 2.006800282975993,
      "ki_avg_odds": 6.991425179842563
    },
    "3": {
      "ko_avg_delta": 0.3182395860687993,
      "ki_avg_delta": 0.23399857860503165,
      "ko_avg_odds": 2.0276814293236516,
      "ki_avg_odds": 1.7925873969502024
    },
    "4": {
      "ko_avg_delta": 0.31969693598295296,
      "ki_avg_delta": 0.43890809746343984,
      "ko_avg_odds": 2.0230252799229174,
      "ki_avg_odds": 2.7357827780401274
    },
    "5": {
      "ko_avg_delta": 0.3295056863104328,
      "ki_avg_delta": -0.37934893995123903,
      "ko_avg_odds": 2.0298999920976737,
      "ki_avg_odds": 2.9951241610585626
    }
  },
  "swap_controllability": {
    "best_alpha": 100.0,
    "best_success_rate": 0.8,
    "alpha_comparison": {
      "1.0": 0.0,
      "10.0": 0.0,
      "100.0": 0.8,
      "1000.0": 0.28
    },
    "best_results": {
      "overall_success_rate": 0.8,
      "total_swaps_tested": 25,
      "per_rule_success": {
        "birth_date_to_birth_city": 1.0,
        "birth_date_to_university": 1.0,
        "birth_date_to_major": 0.5,
        "birth_date_to_employer": 1.0,
        "birth_date_to_work_city": 1.0,
        "birth_city_to_birth_date": 1.0,
        "birth_city_to_university": 1.0,
        "birth_city_to_major": 0.0,
        "birth_city_to_employer": 1.0,
        "birth_city_to_work_city": 1.0,
        "university_to_birth_date": 1.0,
        "university_to_birth_city": 1.0,
        "university_to_major": 0.0,
        "university_to_employer": 1.0,
        "university_to_work_city": 0.0
      }
    }
  }
}