{
  "train": {
    "slot_binding_acc": 0.7940833333333334,
    "slot_top3_acc": 0.00016666666666666666,
    "slot_top5_acc": 0.00016666666666666666,
    "avg_margin": 0.2488120525367558,
    "answer_acc": 0.9935,
    "per_rule": {
      "birth_date": {
        "slot_binding_acc": 0.8065,
        "slot_top3_acc": 0.987,
        "slot_top5_acc": 0.999,
        "answer_acc": 0.9895,
        "avg_margin": 0.19369070790708065,
        "count": 2000.0
      },
      "birth_city": {
        "slot_binding_acc": 0.8425,
        "slot_top3_acc": 0.9985,
        "slot_top5_acc": 1.0,
        "answer_acc": 0.984,
        "avg_margin": 0.17487347380444407,
        "count": 2000.0
      },
      "university": {
        "slot_binding_acc": 0.8885,
        "slot_top3_acc": 0.9995,
        "slot_top5_acc": 1.0,
        "answer_acc": 0.9955,
        "avg_margin": 0.430568694613874,
        "count": 2000.0
      },
      "major": {
        "slot_binding_acc": 0.848,
        "slot_top3_acc": 0.9825,
        "slot_top5_acc": 0.9995,
        "answer_acc": 0.9965,
        "avg_margin": 0.2989440328888595,
        "count": 2000.0
      },
      "employer": {
        "slot_binding_acc": 0.7035,
        "slot_top3_acc": 0.896,
        "slot_top5_acc": 0.9845,
        "answer_acc": 0.999,
        "avg_margin": 0.21420638461410998,
        "count": 2000.0
      },
      "work_city": {
        "slot_binding_acc": 0.6755,
        "slot_top3_acc": 0.9595,
        "slot_top5_acc": 0.996,
        "answer_acc": 0.9965,
        "avg_margin": 0.18058902139216662,
        "count": 2000.0
      }
    }
  },
  "test_ood": {
    "slot_binding_acc": 0.41883333333333334,
    "slot_top3_acc": 0.00016666666666666666,
    "slot_top5_acc": 0.00016666666666666666,
    "avg_margin": 0.21927635845572999,
    "answer_acc": 0.9061666666666667,
    "per_rule": {
      "birth_date": {
        "slot_binding_acc": 0.494,
        "slot_top3_acc": 0.9575,
        "slot_top5_acc": 0.9965,
        "answer_acc": 0.979,
        "avg_margin": 0.1951916559189558,
        "count": 2000.0
      },
      "birth_city": {
        "slot_binding_acc": 0.653,
        "slot_top3_acc": 0.999,
        "slot_top5_acc": 0.999,
        "answer_acc": 0.973,
        "avg_margin": 0.26512319238483906,
        "count": 2000.0
      },
      "university": {
        "slot_binding_acc": 0.758,
        "slot_top3_acc": 0.9175,
        "slot_top5_acc": 0.977,
        "answer_acc": 0.993,
        "avg_margin": 0.2695332760270685,
        "count": 2000.0
      },
      "major": {
        "slot_binding_acc": 0.05,
        "slot_top3_acc": 0.487,
        "slot_top5_acc": 0.855,
        "answer_acc": 0.9975,
        "avg_margin": 0.21917361452430487,
        "count": 2000.0
      },
      "employer": {
        "slot_binding_acc": 0.2705,
        "slot_top3_acc": 0.7885,
        "slot_top5_acc": 0.9675,
        "answer_acc": 0.995,
        "avg_margin": 0.19225597750023007,
        "count": 2000.0
      },
      "work_city": {
        "slot_binding_acc": 0.2875,
        "slot_top3_acc": 0.8925,
        "slot_top5_acc": 1.0,
        "answer_acc": 0.4995,
        "avg_margin": 0.1743804343789816,
        "count": 2000.0
      }
    }
  },
  "diagonal_accuracy": 0.7499999999985002,
  "confusion_matrix": [
    [
      0.67999999999864,
      0.105999999999788,
      0.0,
      0.003999999999992,
      0.00999999999998,
      0.001999999999996
    ],
    [
      0.221999999999556,
      0.791999999998416,
      0.0,
      0.037999999999924,
      0.043999999999912,
      0.063999999999872
    ],
    [
      0.027999999999944,
      0.013999999999972,
      0.853999999998292,
      0.059999999999880003,
      0.107999999999784,
      0.145999999999708
    ],
    [
      0.035999999999928,
      0.043999999999912,
      0.0,
      0.8319999999983361,
      0.111999999999776,
      0.011999999999976
    ],
    [
      0.025999999999948002,
      0.031999999999936,
      0.145999999999708,
      0.059999999999880003,
      0.713999999998572,
      0.147999999999704
    ],
    [
      0.007999999999984,
      0.011999999999976,
      0.0,
      0.005999999999988,
      0.011999999999976,
      0.627999999998744
    ]
  ],
  "reconstruction_mse": 0.0002883446221858321,
  "causal_edits": {
    "0": {
      "ko_avg_delta": 0.04684745891946919,
      "ki_avg_delta": -0.052633527307613455,
      "ko_avg_odds": 1.0769262812732439,
      "ki_avg_odds": 1.0069559526393004
    },
    "1": {
      "ko_avg_delta": 0.04606930586501557,
      "ki_avg_delta": 0.002062652062318824,
      "ko_avg_odds": 1.075940668145431,
      "ki_avg_odds": 1.062488636901668
    },
    "2": {
      "ko_avg_delta": 0.044999090106629225,
      "ki_avg_delta": -0.008310191388148263,
      "ko_avg_odds": 1.075338943212758,
      "ki_avg_odds": 1.0389413505162153
    },
    "3": {
      "ko_avg_delta": 0.045683913118179695,
      "ki_avg_delta": -0.03793396379202589,
      "ko_avg_odds": 1.0760629036005671,
      "ki_avg_odds": 1.0257581899542623
    },
    "4": {
      "ko_avg_delta": 0.041605888597343245,
      "ki_avg_delta": 0.0006440957591682971,
      "ko_avg_odds": 1.0717740698088258,
      "ki_avg_odds": 1.1265891007258235
    },
    "5": {
      "ko_avg_delta": 0.045498494438827225,
      "ki_avg_delta": -0.08885134166575835,
      "ko_avg_odds": 1.0758484198433391,
      "ki_avg_odds": 0.9616458986051356
    }
  },
  "swap_controllability": {
    "best_alpha": 100.0,
    "best_success_rate": 0.24,
    "alpha_comparison": {
      "1.0": 0.0,
      "10.0": 0.0,
      "100.0": 0.24,
      "1000.0": 0.0
    },
    "best_results": {
      "overall_success_rate": 0.24,
      "total_swaps_tested": 25,
      "per_rule_success": {
        "birth_date_to_birth_city": 0.0,
        "birth_date_to_university": 0.5,
        "birth_date_to_major": 0.0,
        "birth_date_to_employer": 0.0,
        "birth_date_to_work_city": 0.0,
        "birth_city_to_birth_date": 0.0,
        "birth_city_to_university": 1.0,
        "birth_city_to_major": 0.0,
        "birth_city_to_employer": 1.0,
        "birth_city_to_work_city": 0.0,
        "university_to_birth_date": 0.0,
        "university_to_birth_city": 0.0,
        "university_to_major": 0.0,
        "university_to_employer": 1.0,
        "university_to_work_city": 0.0
      }
    }
  }
}