{
  "train": {
    "slot_binding_acc": 0.9998333333333334,
    "slot_top3_acc": 0.00016666666666666666,
    "slot_top5_acc": 0.00016666666666666666,
    "avg_margin": 0.7922671980454276,
    "answer_acc": 0.9935,
    "per_rule": {
      "birth_date": {
        "slot_binding_acc": 0.9995,
        "slot_top3_acc": 1.0,
        "slot_top5_acc": 1.0,
        "answer_acc": 0.9895,
        "avg_margin": 0.8252388696074486,
        "count": 2000.0
      },
      "birth_city": {
        "slot_binding_acc": 1.0,
        "slot_top3_acc": 1.0,
        "slot_top5_acc": 1.0,
        "answer_acc": 0.984,
        "avg_margin": 0.7250537906400859,
        "count": 2000.0
      },
      "university": {
        "slot_binding_acc": 1.0,
        "slot_top3_acc": 1.0,
        "slot_top5_acc": 1.0,
        "answer_acc": 0.9955,
        "avg_margin": 0.7352950600534678,
        "count": 2000.0
      },
      "major": {
        "slot_binding_acc": 0.9995,
        "slot_top3_acc": 1.0,
        "slot_top5_acc": 1.0,
        "answer_acc": 0.9965,
        "avg_margin": 0.721043714389205,
        "count": 2000.0
      },
      "employer": {
        "slot_binding_acc": 1.0,
        "slot_top3_acc": 1.0,
        "slot_top5_acc": 1.0,
        "answer_acc": 0.999,
        "avg_margin": 0.7595151341557502,
        "count": 2000.0
      },
      "work_city": {
        "slot_binding_acc": 1.0,
        "slot_top3_acc": 1.0,
        "slot_top5_acc": 1.0,
        "answer_acc": 0.9965,
        "avg_margin": 0.9874566194266081,
        "count": 2000.0
      }
    }
  },
  "test_ood": {
    "slot_binding_acc": 0.8765833333333334,
    "slot_top3_acc": 0.00016666666666666666,
    "slot_top5_acc": 0.00016666666666666666,
    "avg_margin": 0.5793313469216228,
    "answer_acc": 0.9061666666666667,
    "per_rule": {
      "birth_date": {
        "slot_binding_acc": 0.996,
        "slot_top3_acc": 0.9995,
        "slot_top5_acc": 0.9995,
        "answer_acc": 0.979,
        "avg_margin": 0.6502604768648743,
        "count": 2000.0
      },
      "birth_city": {
        "slot_binding_acc": 0.942,
        "slot_top3_acc": 0.996,
        "slot_top5_acc": 1.0,
        "answer_acc": 0.973,
        "avg_margin": 0.4218554812669754,
        "count": 2000.0
      },
      "university": {
        "slot_binding_acc": 0.995,
        "slot_top3_acc": 1.0,
        "slot_top5_acc": 1.0,
        "answer_acc": 0.993,
        "avg_margin": 0.5852619946599007,
        "count": 2000.0
      },
      "major": {
        "slot_binding_acc": 1.0,
        "slot_top3_acc": 1.0,
        "slot_top5_acc": 1.0,
        "answer_acc": 0.9975,
        "avg_margin": 0.7601086548492313,
        "count": 2000.0
      },
      "employer": {
        "slot_binding_acc": 0.7785,
        "slot_top3_acc": 0.935,
        "slot_top5_acc": 0.9935,
        "answer_acc": 0.995,
        "avg_margin": 0.47261403046548367,
        "count": 2000.0
      },
      "work_city": {
        "slot_binding_acc": 0.548,
        "slot_top3_acc": 0.839,
        "slot_top5_acc": 1.0,
        "answer_acc": 0.4995,
        "avg_margin": 0.5858874434232711,
        "count": 2000.0
      }
    }
  },
  "diagonal_accuracy": 0.9996666666646674,
  "confusion_matrix": [
    [
      0.999999999998,
      0.0,
      0.0,
      0.0,
      0.0,
      0.0
    ],
    [
      0.0,
      0.999999999998,
      0.0,
      0.0,
      0.0,
      0.0
    ],
    [
      0.0,
      0.0,
      0.999999999998,
      0.0,
      0.0,
      0.0
    ],
    [
      0.0,
      0.0,
      0.0,
      0.997999999998004,
      0.0,
      0.0
    ],
    [
      0.0,
      0.0,
      0.0,
      0.001999999999996,
      0.999999999998,
      0.0
    ],
    [
      0.0,
      0.0,
      0.0,
      0.0,
      0.0,
      0.999999999998
    ]
  ],
  "reconstruction_mse": 0.24539102218470846,
  "causal_edits": {
    "0": {
      "ko_avg_delta": 1.5388119892598178,
      "ki_avg_delta": -0.19848809444383606,
      "ko_avg_odds": 82290.54597946031,
      "ki_avg_odds": 6012998.421592577
    },
    "1": {
      "ko_avg_delta": 1.632479269394733,
      "ki_avg_delta": 1.6030148582858372,
      "ko_avg_odds": 277279.77186634566,
      "ki_avg_odds": 476.31290202572205
    },
    "2": {
      "ko_avg_delta": 1.6346857869234954,
      "ki_avg_delta": 0.6098039127608256,
      "ko_avg_odds": 275031.3668949074,
      "ki_avg_odds": 751.2896687213279
    },
    "3": {
      "ko_avg_delta": 1.627623688375801,
      "ki_avg_delta": -0.02036941371345944,
      "ko_avg_odds": 263703.4851956364,
      "ki_avg_odds": 13.960374313655421
    },
    "4": {
      "ko_avg_delta": 1.6437499333433976,
      "ki_avg_delta": -0.8822074690826223,
      "ko_avg_odds": 267722.66817174177,
      "ki_avg_odds": 13.158875257855486
    },
    "5": {
      "ko_avg_delta": 1.6436615984125431,
      "ki_avg_delta": -1.0128009877769815,
      "ko_avg_odds": 273460.9496395737,
      "ki_avg_odds": 626.6255908999801
    }
  },
  "swap_controllability": {
    "best_alpha": 10.0,
    "best_success_rate": 0.84,
    "alpha_comparison": {
      "1.0": 0.0,
      "10.0": 0.84,
      "100.0": 0.4,
      "1000.0": 0.16
    },
    "best_results": {
      "overall_success_rate": 0.84,
      "total_swaps_tested": 25,
      "per_rule_success": {
        "birth_date_to_birth_city": 0.0,
        "birth_date_to_university": 1.0,
        "birth_date_to_major": 1.0,
        "birth_date_to_employer": 1.0,
        "birth_date_to_work_city": 1.0,
        "birth_city_to_birth_date": 1.0,
        "birth_city_to_university": 1.0,
        "birth_city_to_major": 1.0,
        "birth_city_to_employer": 1.0,
        "birth_city_to_work_city": 1.0,
        "university_to_birth_date": 1.0,
        "university_to_birth_city": 0.0,
        "university_to_major": 0.0,
        "university_to_employer": 1.0,
        "university_to_work_city": 1.0
      }
    }
  }
}